1,4-dioxane
2-propyleneacrolein
2,4-hexadienal
acetaldehyde
acetic acid, retinyl ester
acetylsalicylic acid
acrylamide
all-trans retinoic acid
arsenic (inorganic arsenic compounds)
arsenic (inorganic oxides)
aspirin
avobenzone
benz[a]anthracene
benzene
benzo[a]pyrene
benzophenone
benzophenone-2
benzophenone-3
benzophenone-4
benzyl chloride
beta-myrcene
bisphenol a (bpa)
butylated hydroxyanisole
c.i. acid red 114
cadmium and cadmium compounds
caffeic acid
carbon black
carbon-black extracts
chemicalname
chromium (hexavalent compounds)
coal tar
coal tar extract
coal tar solution
coal tars
cocamide
cocamide dea
cocamide diethanolamine
cocamide diethanolamine (dea)
cocamide mea
cosmetic talc
di-n-butyl phthalate (dbp)
dichloroacetic acid
dichloromethane (methylene chloride)
diethanolamides of the fatty acids of coconut oil
diethanolamine
distillates (coal tar)
estragole
ethanol in alcoholic beverages
ethyl acrylate
ethylene glycol
ethylene oxide
extract of coffee bean
formaldehyde
genistein (purified)
ginkgo biloba extract
goldenseal root powder
isopropyl alcohol manufacture using strong acids
lauramide dea
lauramide diethanolamine
lead
lead acetate
mercury and mercury compounds
methanol
methyl chloride
methylene glycol
methyleugenol
mica
mineral oils
musk xylene
n-methylpyrrolidone
n-nitrosodiethanolamine
n-nitrosodimethylamine
"n,n-dimethyl-p-toluidine"
nickel (metallic)
o-phenylenediamine and its salts
o-phenylphenol
oil orange ss
p-aminodiphenylamine
permethrin
phenacemide
phenacetin
polygeenan
progesterone
propylene glycol mono-t-butyl ether
propylene oxide
pulegone
quartz
quinoline and its strong acid salts
retinol
safrole
selenium sulfide
silica
sodium bromate
spironolactone
styrene
talc
tea-lauryl sulfate
sodium lauryl sulfate
titanium dioxide
toluene
trade secret
trichloroacetic acid
triethanolamine
vinyl acetate
bis phthalate
lead
hexabromocyclododecane
dibutyl phthalate (dbp)
diisobutyl phthalate
boric acid
diazene-1,2-dicarboxamide
disodium tetraborate
1-methyl-2-pyrrolidone
diboron trioxide
lead titanium zirconium oxide
orange lead (lead tetroxide)
4-nonylphenol
lead sulfochromate yellow
4,4_-isopropylidenediphenol
benzyl butyl phthalate
tris(2-chloroethyl)phosphate
lead monoxide (lead oxide)
cadmium
imidazolidine-2-thione
1,2-dimethoxyethane
lead chromate
alkanes
octamethylcyclotetrasiloxane
1,3-propanesultone
trilead dioxide phosphonate
cadmium hydroxide
trixylyl phosphate
terphenyl
trichloroethylene
dicyclohexyl phthalate
2-ethoxyethyl acetate
4-(1,1,3,3-tetramethylbutyl)phenol
diarsenic pentaoxide
hexahydromethylphthalic anhydride
tris phosphite
methyloxirane
cyclohexane-1,2-dicarboxylic anhydride
2,2'-dichloro-4,4'-methylenedianiline
4,4'-oxydianiline
1,2-dichloroethane
bis(2-methoxyethyl) ether
hydrazine
cadmium carbonate
cobalt(ii) carbonate
decamethylcyclopentasiloxane (d5)
diisopentylphthalate
dibutyltin dichloride (dbtc)
cadmium oxide
cadmium sulphide
trilead bis(carbonate) dihydroxide
chromium trioxide
cobalt dichloride
strontium chromate
pyrochlore
lead dinitrate
cadmium chloride
cobalt(ii) sulphate
cobalt(ii) dinitrate
sodium dichromate
potassium hydroxyoctaoxodizincatedichromate
silicic acid
disodium octaborate
lead titanium trioxide
pentalead tetraoxide sulphate
tetralead trioxide sulphate
dioxobis(stearato)trilead
lead diazide
lead styphnate
dichromium tris
pentazinc chromate octahydroxide
sulfurous acid
[phthalato(2-)]dioxotrilead
fatty acids
nonadecafluorodecanoic acid
perfluorohexane-1-sulphonic acid
1,3,4-thiadiazolidine-2
n-pentyl-isopentylphthalate
benzo[def]chrysene
benz[a]anthracene
4-aminoazobenzene
diethyl sulphate
dimethylformamide
formamide
phenolphthalein
dimethyl sulphate
tetraethyllead
acrylamide
n-methylacetamide
p-(1,1-dimethylpropyl)phenol
5-tert-butyl-2,4,6-trinitro-m-xylene (musk xylene)
dihexyl phthalate
phenanthrene
dinoseb
2-methoxyaniline,o-anisidine
benzophenone
biphenyl-4-ylamine
o-toluidine
4-methyl-m-phenylenediamine
1,2,3-trichloropropane
o-aminoazotoluene
4-tert-butylphenol
nitrobenzene
4,4'- diaminodiphenylmethane
1-bromopropane (n-propyl bromide)
ethylenediamine (eda)
2-methoxyethanol
furan
2-methoxyethyl acetate
2-ethoxyethanol
1,2-bis ethane
bis(2-methoxyethyl) phthalate
anthracene
6-methoxy-m-toluidine (p-cresidine)
pyrene
dipentyl phthalate (dpp)
benzo[ghi]perylene
fluoranthene
benzo[k]fluoranthene
chrysene
lead di(acetate)
tricosafluorododecanoic acid
pentadecafluorooctanoic acid (pfoa)
perfluorononan-1-oic-acid and its sodium and ammonium salts
heptacosafluorotetradecanoic acid
dodecamethylcyclohexasiloxane (d6)
benzene-1,2,4-tricarboxylic acid 1,2 anhydride (trimellitic anhydride) (tma)
disodium
methoxyacetic acid
1,2-diethoxyethane
4,4'-methylenedi-o-toluidine
diarsenic trioxide
henicosafluoroundecanoic acid
oxiran-2-ylmethyl
trilead diarsenate
ammonium pentadecafluorooctanoate (apfo)
2-benzotriazol-2-yl-4,6-di-tert-butylphenol (uv-320)
lead dipicrate
sodium peroxometaborate
sodium chromate
arsenic acid
calcium arsenate
potassium dichromate
lead hydrogen arsenate
potassium chromate
ammonium dichromate
cadmium fluoride
cadmium sulphate
cadmium nitrate
lead oxide sulfate
"tetraboron disodium heptaoxide, hydrate"
lead bis(tetrafluoroborate)
"1,7,7-trimethyl-3-(phenylmethylene)bicyclo[2.2.1]heptan-2-one"
"sodium perborate,perboric acid, sodium salt"
lead cyanamidate
2-(2h-benzotriazol-2-yl)-4-(tert-butyl)-6-(sec-butyl)phenol (uv-350)
"acetic acid, lead salt, basic"
"1,2-benzenedicarboxylic acid"
pentacosafluorotridecanoic acid
anthracene oil
"2,2-bis(4'-hydroxyphenyl)-4-methylpentane"
lead(ii) bis(methanesulfonate)
"3-ethyl-2-methyl-2-(3-methylbutyl)-1,3-oxazolidine"
"1,3,5-tris[(2s and 2r)-2,3-epoxypropyl]-1,3,5-triazine-2,4,6-(1h,3h,5h)-trione (_-tgic)"
triethyl arsenate
formaldehyde
acephate
acetone
aerofroth 71
aero xanthate 343
akton
alachlor
aldicarb
aldrin
allethrin
aluminum nitrate
aluminum sulfate
amdro
ametryn
aminocarb
amitrole
anilazine
antimycin a
apholate
aqua cop
aqua-vator
aramite
atrazine 4l
azide potassium
azide sodium
azinphos-ethyl
azinphos-methyl
bacillus thuringiensis
barban
benefin
benomyl
bensulide
benthiocarb
benzalkonium chloride
benzene
benzene hexachloride
benzothiazole 2-mercapto
benzothiazole 2-methyl mercapto
benzoylprop ethyl
benzyl benzoate
binapacryl
black crude oil
bomyl
bufencarb
butoxy polypropylene glycol
butylate
cacodylic  acid
calcium hypochlorite
captafol
captan
carbaryl
carbofuran
carbophenothion
cca type iii
chloramben
chlorbromuron
chlordane
chlordane cis
chlordane-hcs-3260
chlordane trans
chlordecone
chlordimeform
chlorendate dibutyl
chlorendate dimethyl
chlorfenethol
chlorfenvinphos
chlorinated alpha olefin 22/44
chlormequat chloride
chlorobenzilate
chloronitropropane
6-chloro-2-picolinic acid
chlorowax lv
chlorowax 40
chlorowax 50
chlorowax 70
chlorowax 500c
chloroxuron
chlorpyrifos
chlorpyrifos-methyl
clarifite
clonitralide
trans fat
high fructose corn syrup
HFCS
sucralose
aspartame
saccharine
